"Re: [問題] 有關「二手機」討論串,"
"[號外] 這裡有批手機好便宜呀~!? 敗家前請注意,"
"[心得] Nokia 6120 Classic,"
"Re: [問題] 討債集團的騷擾電話 Orz,"
"[心得] 最初步的K800i去客製化,"
"Re: [請益] 2G轉3G 需要45天轉換期？,"
"Re: [問題] 要帶手機去日本一年，請給我一點建議,"
"[問題] Nokia 6500s的快門鍵,"
"Re: [請益] 關於N73新版,"
"[問題] F408預設在手機記憶體的資料,"
"Re: [問題] 手機所謂的封閉系統和開放系統要怎分別?,"
"[問題] w910i螢幕裂開了!!!,"
"[問題] Ｎ82對決Ｅ66,"
"[心得] SonyEricsson C902,"
"[心得] 關於電話簿顯示來電的問題,"
"[心得] 讓Nokia 6120classic用macbook pro的網 …,"
"[心得] 亞太CDMA機王 FCH-639 購入使用心得,"
"Re: [問題] G-PLUS CT680  這台有人用過了嗎?心得꘠…,"
"[心得] 鱷魚　Nokia E70,"
"Re: [問題] 中華 MCool 疑問 ?,"
"[心得] N96 實機測試心得,"
"Re: [請益] 錄音長度不限制的手機,"
"Re: [請益] 錄音長度不限制的手機,"
"Re: [新聞] 日本KDDI來台 電信三雄終於遇上勁敵了,"
"[心得] 簡單便宜的3.5G seG502,"
"Re: [問題] htc touch diamond 接收藍牙檔案,"
"[問題] N82-VS-N85-VS-N79 三者大對抗，該哪隻??,"
"[心得] MOTO W231使用心得,"
"Re: [請益] 3G門號上網吃到飽,"
"Re: [請益] 3G門號上網吃到飽,"
"[心得] 手機 GPS 導航，不只是 GPS 導航而已,"
"[問題] N73背面相機跳來跳去,"
"Re: [問題] Nokia E66 V.S. HTC 鑽石機,"
"Re: [問題] w800i使用MSN (台哥大),"
"[討論] 有用nokia 6120c 來討論一下吧,"
"Re: [問題] N73記憶容量？,"
"Re: [問題] NOKIA6233的電池蓋,"
"Re: [問題] 6220c、5320、6210N,"
"[心得] SE  Z770i使用心得,"
"[閒聊] 關於Y拍上1元手機,"
"Re: [問題] SonyEricsson R306,"
"[請益] Samsung手機的暗碼,"
"[問題] 6120c沒辦法開doc檔,"
"[問題] zydas的USB無線網卡,"
"Re: [討論] 手機照相,"
"[請益] N82手機記憶體 與 記憶卡 轉換問題,"
"Re: [問題] 請問漫遊費問題?,"
"Re: [討論] SE刷機,"
"Re: [問題] 關於校園專案&NP的問題,"
"[心得] 912T toshiba 日系手機使用心得,"
"[心得] YAHOO購物中心買的ZN5,"
"[情報] 台灣手機市場出貨量下滑,"
"[情報] 微軟評Android：市場低估了開發成本,"
"[情報] iPhone 3.0 beta 3出爐,"
"[心得] moto(zn5) VS nokia s60 v3.2(5320xm),"
"[情報] AT&T推出FamilyMap，家長可用手機掌控ꐠ…,"
"[情報] 日本KDDI將推Android機上盒,"
"[情報] 華爾街日報iPhone版上線，新聞免費閱讀,"
"[心得] 威寶使用兩週心得,"
"[閒聊] 發現一隻3G無照相的手機了 ,"
"Re: [閒聊] 發現一隻3G無照相的手機了 ,"
"Re: [問題] 5800下載更新失敗？,"
"[心得] 亞太 KX218入手六小時,"
"[問題] S60 papago,"
"[情報] 中華電信：要同步引進三代iPhone、HTC  …,"
"Re: [問題] 請問 nokia 3120c 的藍芽有支援 A2DP 嗎?,"
"[問題] 威寶的折扣優惠是如何計算？,"
"Re: [問題] 威寶的折扣優惠是如何計算？,"
"[情報] 摩托羅拉否認開發Android機上盒,"
"[情報] KDDI將推SHARP太陽能防水手機,"
"[情報] 優雅外型 強悍規格 Samsung S8300,"
"Re: [問題] 我要帶X1出國，有沒有達人能夠教一下在 …,"
"[閒聊] 中華 大家講 vs 3G放心講,"
"[問題] 情侶辦哪家的門號好?,"
"Re: [問題] 情侶辦哪家的門號好?,"
"[心得] zn5刷X包,"
"[問題] 遠傳員工推薦方案第一年月租費半價,真ꨠ…,"
"[情報] 四網合一，搶得頭香,"
"[情報] HTC Touch Diamond2 500萬照片實拍分享,"
"[情報] 遠傳在台中提供WiMAX上網免費體驗,"
"[情報] T-Mobile賣出百萬支G1 Android手機,"
"[情報] Qualcomm新GHz級手機晶片卯上英特爾Atom,"
"[情報] Google產品搜尋開始支援Android及iPhone,"
"[情報] 與Orange合作，維基百科將有手機版,"
"[情報] AdMob：iPhone及Android侵蝕競爭對手市佔,"
"Re: [問題] K810i 來電無響鈴，和受潮有關？,"
"[問題] Sharp WX-T923該怎麼設定上網?,"
"[新聞] 宏達電下周在台發表第二代 Google 手機,"
"[問題] 5800 USB問題,"
"[閒聊] KC910 極限測試,"
4G 無線通訊   LTE vs WiMAX   dochi？
"[問題] 請問要怎麼看手機的標準配件?,"
"[轉錄][省錢] 威寶預付卡,"
"[問題] LG KM900 Arena ,"
"[閒聊] 找到一個flash的網址,"
"[問題] 5320專用螢幕保護貼,"
"[問題] N95 8G我不會設定成中文畫面啦！,"
"[情報] 能用iPhone上PTT了~,"
"[問題] papago的問題,"
"Re: [問題] 便宜的LG手機是為什麼,"
"[新聞] 吳東進上火線 力拚電信三雄,"
"[情報] 齊心協力，WiMAX營運商年底達成全台漫遊,"
"[情報] 全球一動鎖定9月在新竹提供WiMAX試用服務,"
"[情報] ABI：Q1全球手機出貨減11%，iPhone市佔 …,"
"Re: [問題] 情侶辦哪家的門號好?,"
"[新聞] 誤撥空號 遠傳電信竟收國際話費 ,"
"[問題] 5800總是出現無閘道回覆 囧,"
"[情報] Qualcomm、Broadcom達成8.91億美元和解,"
"[情報] CommunicAsia 2009於六月在新加坡開展,"
"[情報] BlackBerry支援新版Facebook功能,"
"[情報] 大同WiMAX服務澎湖開台，最低649元吃到飽,"
"[情報] 英國電信業者3 UK宣布不收Skype數據傳輸費,"
"[問題] 關於W705的使用方式,"
"[閒聊] 藍牙立體聲耳機(A2DP) 推廣,"
"Re: [問題] 請給我N79比N82貴的理由,超想開箱,"
"[問題] 國小小學生有必要拿手機嗎?,"
"[黑店] 台北市萬華區寶興街X號,"
"[問題] 5800格式化,"
"Re: [問題] 5800總是出現無閘道回覆 囧,"
"Re: [問題] 威寶在尖峰時刻會塞機嗎？,"
"[情報] Samsung Android手機六月上市,"
"[情報] Android 1.5 SDK開放下載,"
"[情報] 蘋果與Verizon展開iPhone銷售協商,"
"Re: [問題] 功成通訊--東區延吉店,"
"[心得] SE w890i 偽開箱文,"
"Re: [問題] 5800格式化,"
"Re: [問題] Nokia3120C,"
"[情報] N85斷裂門台灣免費維修了,"
"[情報] 遠傳第三季推出Android手機,"
"[情報] Verizon與微軟合作「粉紅」手機,"
"[情報] Verizon合作對象，謠言滿天飛,"
"[情報] 諾基亞小裁員，重新聚焦軟體下載服務,"
"[情報] 中文版Android手機準備上市！HTC Magic …,"
"[新聞] 遠傳電信私募新股 12% 中國移動出線投資,"
"[問題] 最便宜的3.5G手機？,"
"Re: [問題] np到威寶,"
"[問題] 內建RFID的手機,"
"Re: [問題] 內建RFID的手機,"
"Re: [心得] 3120c 收訊真的很好！,"
"[轉錄][新聞] HTC Magic首支中文Android手機台 …,"
"[閒聊] Eliya   I502 / I903,"
"[情報] 跨足大陸電信市場，遠傳將與中國移動合 …,"
"[情報] 摩托羅拉第一款Android手機已經就緒,"
"[情報] 美國電信業者冷落Nokia的Ovi Store,"
"[心得] 威寶(東訊)的維修服務真的很差,"
"[閒聊] 威寶門市學生專案,"
"[情報] Mio要推Android汽車導航裝置,"
"[情報] 手機應用程式2014年產值超過250億美元,"
"[情報] 蘋果有意自行開發手機晶片,"
"Re: [問題] NOKIA5800的通話錄音功能,"
"Re: [問題] 聽說中華電訊有加99塊撥打特定門號免費,"
"Re: [閒聊] 威寶門市學生專案,"
"[心得] 最近剛辦完NP以及門號+手機大轉換心得文,"
"Re: [請益] w760i,"
"[問題] SH03A到底可不可以放MP3?,"
"[心得] 遠傳長青價大雙網765續約之戲劇性的一天,"
"[情報] HTC執行長周永明談Android手機：不怕競爭,"
"[情報] 宏達電HTC Magic來台，空機價2.1萬元,"
"[情報] GSMA來台推廣HSPA行動寬頻普及,"
"[店家] 台中市英才路上服務品質頗差的X強手機ꨠ…,"
"[情報] J.D. Power報告：客戶滿意度 iPhone第ꐠ…,"
"[情報] IDC：今年Q1全球手機出貨衰退15.8%,"
"Re: [問題] 台灣大哥大黑我電話費,"
"Re: [請益] NOKIA 3120C與Samsung L708哪隻比較好?,"
"[心得] 再見...台灣大哥大,"
"[情報] Google phone可以上BBS了,"
"[情報] 宏達電HTC Magic實機展示（圖多）,"
"Re: [心得] 再見...台灣大哥大,"
"Re: [心得] 再見...台灣大哥大,"
"[心得] 威寶在房間收不到，用藍芽,"
"[心得] 今天面交手機被搶,"
"[閒聊] 中華電信98上校園M化優惠方案的比較,"
"Re: [問題] 急!請問這種電話詢問正常嗎?,"
"[心得] Sony Ericsson W705開箱心得文,"
"Re: [抱怨] 價錢不清 功成通訊--東區延吉店,"
"[心得] 手機終於可以上批踢踢 (BBS) 了！,"
"[心得] 中華電信校園方案分享(一些問題回答),"
"[情報] 要問中華電信的問題,"
"Re: [問題] 延長手機響鈴時間,"
sony w508
"[心得] 中華電信iPhone 3GS 購機方案小比較,"
"[心得] 關於網拍的高單價手機可以低賣的手法,"
"[心得] W980使用心得,"
"Re: [問題] 莫名奇妙的續約.....,"
"Re: [問題] 莫名奇妙的續約.....,"
"[心得] 中華3.5G吃到飽+大家講589=$399。(詳細版),"
"[心得] 網拍二手機購買交戰守則 ,"
"[閒聊] 惡劣的！台中大雅的威寶客服人員,"
"[轉錄][抱怨] 台北 樹林鎮前街 聯強電信通訊行,"
"[轉錄][抱怨] 台北 亞太電信 莒光門市 傳送廣꜠…,"
"[問題] 中華校園專案以還有嗎?還是隨時辦都有?,"
"[問題] 學生辦理威寶門號,"
"[心得] 螢幕不在保固範圍？小市民的反擊成功,"
"[閒聊] 關於置底文的補充,"
"[心得] 這就是威寶電信的服務,"
"Re: [心得] 這就是威寶電信的服務,"
"[心得] nokia 5800 n79 n85 使用感想,"
"[心得] 用威寶上網的要注意,"
"[心得] Samsung M8910 廣角照相手機試玩,"
"[心得] 購得M10,"
"Re: [心得] 威寶的客服令人無言,"
"[情報] 想知道各家電信業者的訊號品質?,"
"[情報] 中華電信99年校園專案手機價格更新-990305,"
"[心得] 古亭地標網通+購買x6心得,"
"[心得],"
"[心得] Garmin-asus M10~ 剛買的心得,"
"[心得] NOKIA X6試用心得,"
"[心得] okwap c910 初上手使用心得,"
以刪除
"Re: [情報] 威寶,"
"[情報] NCC網站 查地區收訊,"
"Re: [情報] 中華電信 HTC Desire 超值方案,"
"[心得] 遇到這種通信行 <辰揚通信>,"
"Re: [情報] 中華電信 HTC Desire 超值方案,"
"[問卦] 有沒有電信客服 話術的八卦,"
"[心得] 台北板上推薦的通訊行,"
"Re: [問題] 大雨把我的手機給殺死了,"
"[心得] NOKIA N900體驗試玩,"
"Re: [問題] 手機BBS的問題  急....我快哭了,"
"[分享] SonyEricsson Aino 大螢幕滑蓋娛樂機,"
"[心得] samsung s8500使用心得,"
"Re: [問題] 黑莓機 搭配遠傳,"
"Re: [心得] 辦威寶0元專案 我的心得(整理排板後),"
"[心得] SAMSUNG Galaxy S i9000體驗試玩,"
"[協尋] 有鄉民或親友們8/1號有去劍湖山的嗎？,"
"Re: [請益] Acer liquid vs samsung i5700,"
"[問題] 為什麼HTC Desire不能用藍牙,"
"[遺失] 新竹LG KU380白色滑蓋手機,"
"[心得] 當HTC Desire上Android 2.2 Froyo,"
"[心得] MOTO XT720數天後&Android心得及實用程 …,"
"[問題] 請問威寶+三星手機 S5500是否會訊號不穩? ,"
"[問題] 遺失nokia6120c白色手機,"
"[心得] 從Nokia N78到acer Liquid,"
"Re: [心得] 真的以為用蘋果就很潮嗎...,"
"Re: [心得] iPhone4 vs Desire,"
"[請益] 請問有適合、方便各類文書處理的智慧手 …,"
"Re: [請益] 請問有適合、方便各類文書處理的智慧手 …,"
"Re: [問題] i9000的價格,"
"Re: [閒聊] 其實N8賣的也很好,"
"[心得] 智慧型手機購入心得(主要是DHD跟Z),"
"[心得] HTC Wildfire 使用心得,"
"[心得] 親眼目睹 i dont care,"
"Re: [問題] 萬年不變的HTC跟IPHONE比較= =......,"
"Re: [問題]HTC  DESIRE玩遊戲OK嗎?,"
"Re: [問題]HTC  DESIRE玩遊戲OK嗎?,"
"[討論] 關於SE的X10,"
"Re: [問題] 快說服我吧,"
"[問題] Nokia5800 可以安裝31sms嗎?,"
"Re: [問題] N8的MSN及BBS軟體,"
"[討論] Nokia 巨人搖搖欲墜,"
"[問題] desireHD, i9000, N8..很多選擇,"
"[請益] 威寶現在還有網外30分鐘的專案嗎? ,"
"Re: [問題] iphone 與 HTC,"
"[問卷] 3/28 逢甲大學 閱讀電子書行為意圖研究 …,"
"[討論] LG內戰!! optimus 3D vs optimus 2X,"
"[閒聊] 不懂HTC店員講這種話的心態？,"
"[討論] 遠傳DESIRE Z 398+775,"
"Re: [請益] 萬元手機整理：徵求心得,"
"Re: [問題] HTC的選擇,"
"[問題] 新機保固三個月?,"
"Re: [問題] 新機保固三個月?,"
"[建議] 三大OS特性簡述，智慧型手機入門者適用,"
"Re: [建議] 三大OS特性簡述，智慧型手機入門者適用,"
"Re: [建議] 三大OS特性簡述，智慧型手機入門者適用,"
"[情報],"
"Re: [情報] HTC新機王One X出包！？螢幕出現白光閃爍,"
"Re: [情報] SⅢ 4.8吋屏幕背後不能說的祕密,"
"[心得] OneX, S3, XS 夜晚亂拍 (Dropbox爆流量 orz),"
"[心得] 從OneX到S3,"
"[心得] Asus Padfone 兩週使用心得,"
"Re: [請益] HTC有哪幾隻其實是硬體差不多一樣的.....,"
"[請益] 6/29 Myst夜店遺失samsung note白,"
"Re: [請益] 去通訊行辦原門號續約購機的注意之處,"
"Re: [請益] 1萬元以下智慧型手機選擇~,"
"Re: [問題] 沒有 3G 就沒有 GPS 嗎？,"
"Re: [情報]Samsung出主打衛星定位的中階手機 ,"
"[分享] LG Opitmus LTE2 - F160L,"
"[心得] U品機究竟如何辨別？,"
"[心得] Android to WindowsPhone 初體驗,"
"Re: [問題]三隻手機的抉擇，HTC1X&GS3&XperiaS ,"
"Re: [請益] 4g在美國或台灣,"
"[心得] SONY ion LT28i使用心得,"
"[心得] arc s 換 xperia p 一週心得,"
"Re: [問題] 日本買手機..,"
"[心得] Galaxy Ace 2 Vs. Xperia P 使用心得,"
"Re: [討論] Google地圖很變態!!!!!,"
"[心得] NOKIA 100/101,"
"[問題] 目前三種智慧型手機顯示器比較,"
"[心得] 中華591學生專案辦Arc S,"
"Re: [情報] iPhone 5三天銷破5百萬支,"
"Re: [請益] 遠傳約滿，退租或是轉讓?,"
"[心得] note 2入手一天微心得。,"
"[心得] NOTE II 不專業(簡單)開箱/心得/閒聊,"
"Re: [問題] np進中華送的通話費,"
"[情報] 客製版One X改通路版,"
"[心得] PF2使用心得(無附圖),"
"Re: [請益] 如何好好善用智慧型手機的優點?,"
"Re: [心得] 我被偷續手機約,"
"Re: [請益] 該怎麼辦......,"
"Re: [新聞] 挺hTC 王雪紅：誰當老大難說,"
"Fw: [新聞] 牢記IMEI碼 追手機不難,"
"[討論] Note2 驗機 重點整理,"
"Re: [問題] 手機照相的品質~螢幕尺寸,"
"[心得] padfone2簡易心得與onex,TX,note2比較,"
"Re: [心得] pf2 購買一週,"
"[心得] 淺談從iOS跳到Android的心得,"
"Re: [請益] Xperia P、Samsung S2、 Advance選擇 ,"
"[號外] 這裡有批手機好便宜呀！ 手機板 Q&A,"
"Re: [心得] 我被偷續手機約,"
"[心得] hTC手機的WISPr功能,"
"[心得] 智慧型手機心得與NOTE2開箱,"
"[心得] NOTE II 幾個貼心內建小技巧 簡單介紹,"
"Re: [心得] hTC手機的WISPr功能,"
"[閒聊] 台灣大哥大真是有夠""主動"","
"Re: [閒聊] 台灣大哥大真是有夠""主動"","
"Re: [問題] 請推薦通話密錄功能方便的手機,"
"[心得] ONE X與SS XL更新後的雜感...,"
"Re: [閒聊] 台灣大哥大真是有夠""主動"","
"Re: [閒聊] 台灣大哥大真是有夠""主動"","
"[心得] TWM Amazing A2簡單心得,"
"Re: [閒聊] 7-11上網吃到飽,"
"[心得] 多面相談hTC 硬體篇,"
"[心得] 睡不著測色溫與亮度,"
"Re: [情報] Samsung TAB2 7.0 P3100 可更新4.1,"
"[心得] WP8手機，HTC 8s初略心得,"
"Fw: [討論] 為何WP7比Android還順? 從設計概念說起,"
"Fw: [討論] 為何WP7比Android還順? 從設計概念說起,"
"Re: [心得] WP8手機，HTC 8s初略心得,"
"[心得] HTC J使用兩個月回顧,"
"Re: [問題] 台灣大哥大 vs 中華電信,"
"[問題] 怎麼買比較划算NOTE2,"
"[閒聊] 我用過的智慧型手機....,"
"[問題]請問中華月租33方案轉平板199,"
"Re: [閒聊] 我用過的智慧型手機....,"
"[討論] 我用過的智慧型手機...,"
"[閒聊] 我用過的智慧型手機....,"
"Re: [問題] iPad mini or Nexus 7,"
"Re: [問題] iPad mini or Nexus 7,"
"Re: [問題] iPad mini or Nexus 7,"
"[閒聊] 遠傳電信傷害老客戶的心,"
"Re: [閒聊] 遠傳電信傷害老客戶的心,"
"Re: [閒聊] 遠傳電信傷害老客戶的心,"
"Re: [閒聊] 我用過的智慧型手機....,"
"Re: [閒聊] 遠傳電信傷害老客戶的心,"
"[心得] 中華群星同樂會+紅蝴蝶試用心得,"
"[心得] 實際操作蝴蝶機後的一點感想與建議,"
"[心得] 小7np中華（附小7客服的奇異舉動XD）,"
"[心得] One SV簡易心得,"
"Re: [閒聊] 遠傳電信傷害老客戶的心,"
"[閒聊] Lumia 900 AT&T解鎖(失敗),"
"[心得] Xperia P 使用心得,"
"[閒聊] 蝴蝶機到貨情報，請用這篇推文,"
"[心得] 蝴蝶機開箱（上）,"
"[心得] 末日前補到紅色亞美蝶(含中華優惠1000元),"
"[心得] 黑蝴蝶微心得,"
"[心得] 紅蝴蝶微心得,"
"[心得] 黑蝴蝶微心得  續集,"
"[心得] 蝴蝶機開箱（下）,"
"[心得] 值得推薦的智慧型手機,"
"Fw: [WP8 ] HTC 8s 開箱,"
"[心得] 白蝴蝶微開箱(?),"
"[心得] 挑戰iphone5神話與S3傳聞夜拍爛的主觀評測,"
"[閒聊] 聯強維修真的好爛...,"
"[情報] 買或不買iPad mini的理由,"
"[心得] HTC 蝴蝶 Butterfly 紅色開箱！,"
"Re: [閒聊] 這算是抱怨文,"
"[心得] lumia 920 PK HTC J 夜拍快報,"
"[心得] 買給父親的ONE SV，簡單心得,"
"[心得] Xperia V不愧是真旗艦,"
"[心得] SHARP SH837W 使用心得,"
"[心得] NOKIA Lumia 920,"
"[心得] NEXUS 4入手心得之..我終於拿到了,"
"[心得] hTC J 開箱 & 使用數日感想,"
"[心得] 紅蝴蝶第三天,"
"[心得] lumia 920夜拍大PK (1.0) (vs 頭號勁敵HTC J),"
"[閒聊] 眼鏡族對於大螢幕,"
"Re: [心得] 睡不著測色溫與亮度,"
"[心得] J兩個半月以及蝴蝶機的一週使用心得,"
"[店家] 購買蝴蝶的糟糕經驗,"
"[心得] 小配件：MHL與SmartTags,"
"[問題] HTC butterfly使用line通話後...,"
"Re: [討論] HTC 好用的地方,"
"[心得] 愛拍照輕度使用推Sony XP /HTC ONEX,"
"[心得] HTC windows phone 8S 心得,"
"[討論] 各家電信「獨賣」的手機,"
"Re: [問題] 遠傳詐騙續約（氣）,"
"Re: [問題] Moii究竟為何方神聖 (E801),"
"Fw: [討論] ip5、pf2、蝴蝶照相螢幕比較！,"
"Re: [問題] HTC 問題 (android.process.acore),"
"[問題] 統整手上 Sony TX 的狀況,"
"[心得] Samsung S3 I9300使用半年的心得,"
"[心得] ONE X 保固 HTC服務真好,"
"[心得] lumia 920拍照大PK (2.0) 日拍,"
"[心得] lumia 920拍照大PK (3.1) KTV包廂,"
"[問題] 需要買兩隻x1-01嗎？,"
"[心得] 蝴蝶機的三週心得,"
"Re: [問題] 大家不推WP8的原因??,"
"Re: [心得] Surface RT開箱，可取代一般筆電的平板,"
"[心得] lumia 920拍照大PK (3.2) 夜拍 七賢橋上,"
"Re: [討論] 不要買蝴蝶機的理由,"
"[心得] 遲來的黃色lumia 920 開箱,"
"[討論] Note2 中文手寫,"
"[閒聊] 不能只憑預購單號領機???(文長含怨),"
"[心得] 網路評測夜拍的誤導...關於IP5與S3,"
"[心得] 蝴蝶心得使用感想&小評,"
"Re: [問題] 有人從Android跳到Win Phone嗎?,"
"[心得] 驚奇的夜拍軟體..驚奇的結果XDDD  s2 與note2,"
"[情報] 舊全民共省轉全民共省新年購機方案之爭議,"
"[討論] 關於S3死機的來龍去脈,"
"[心得] HTC 蝴蝶摔機測試之Butterfly 不是故意的,"
"Re: [心得] INHON G1開箱,"
"[情報] Xperia V有災情出現,"
"[心得] Xperia T兩天簡易心得,"
要我自己解決通話邊界問題...
"Re: [心得] 神腦真的很扯耶....,"
"Re: [問題] 送修聯強之後,結果把手機弄壞又不處理...,"
"[討論] 整理一下各家升級更新進度,"
"[討論] Sony直營、旗艦、一般經銷店/其他 差異 ,"
"[心得] NFC豆知識,"
"[心得] hTC J升級，改吃雷根糖,"
"[閒聊] 我的手機使用演化史,"
"[心得] 蝴蝶機12天使用感想,"
"Re: [閒聊] 我的手機使用演化史,"
"Re: [情報] Xperia V有災情出現,"
"Re: [閒聊] 我的手機使用演化史,"
"[閒聊] 我所買過與使用過的智慧型手機(剛好13姨..XD),"
"Re: [閒聊] 我的手機使用演化史,"
"Re: [閒聊] 我的手機使用演化史,"
"Re: [問題] 直上蝴蝶機？,"
"[心得] One X 送修經驗心得,"
"Re: [閒聊] 蝴蝶micro usb防塵蓋斷了,"
"[心得] 從 S2 到 hTC J 一日心得,"
"[閒聊] Xperia P亂拍分享  /拍照/相機/攝影/照相/,"
"[心得] Sony Xperia Ion (LT28i),"
"Re: [問題] 中華欠費,"
"[心得] ButterFly 與 Note2,"
"[討論] iTunes for iPhone 真的很難上手嗎？,"
"Re: [討論] iTunes for iPhone 真的很難上手嗎？,"
"[心得] HTC ONE SV開箱,"
"Re: [情報] Xperia Z 四大電信方案出爐,"
"Fw: [其他] 淺談  AMOLED   PHOLED   OLED,"
"[閒聊] Android系統耗電,"
"[閒聊] New HTC One 沒有很深入的心得,"
"Re: [新聞] 宏達電挑戰智慧手機3哥,"
"[閒聊] 各家歷年的Android旗艦手機,"
"Re: [閒聊] 各家歷年的Android旗艦手機,"
"Re: [心得] 蝴蝶機新品換貨甘苦談,"
"[心得] 銀髮族辦手機真的要注意...,"
"[心得] HTC蝴蝶機 HTL21(日)開箱與x920d(台)比較,"
"[討論] XPERIA V 使用心得與災情整理,"
"[閒聊] Sony Xperia Z 簡易開箱（邊框有小瑕疵）,"
"[心得] sony維修心得,"
"[心得] 蝴蝶機、note2、920、iphone5等室內拍,"
"[心得] SONY Z 使用一天之小心得,"
"[心得] 蝴蝶機、note2、S3、920、iphone5等日拍,"
"Re: [情報] 新 HTC One 體驗會 現場實況,"
"[心得] Sony Xperia Z簡易開箱文,"
"[閒聊] HTC J過年日本行使用心得,"
"[閒聊] SONY Z 相關大哉問,"
"[心得] SONY Z的WIFI很奇怪(推文有AP使用分享),"
"[情報] LG機海整理 (L3 L5 L7)二代 F5 F7,"
"[心得] Samsung NOTEII 使用一個月心得,"
"[情報] 三星推特上的S4輪廓圖,"
"[心得] 鏡激白入手感想,"
"[問題] 到底要買新一 還是SONY XZ?,"
"Re: [問題] 到底要買新一 還是SONY XZ?,"
"Re: [心得] 我還是覺得相素很重要-新一 VS IP5,"
"[心得] inhon g1 兩三事,"
"Re: [閒聊] 三星 Galaxy S4 特點,"
"Re: [閒聊] 三星 Galaxy S4 特點,"
"Re: [閒聊] 三星 Galaxy S4 特點,"
"Re: [閒聊] 三星 Galaxy S4 特點,"
"[心得] Xperia Z微心得,"
"Re: [閒聊] 三星 Galaxy S4 特點,"
"[討論]S4，智慧型手機至今，最接近完美的一部。,"
"[情報] 三星手機Galaxy S IV眼球暫停功能或涉嫌,"
"Re: [請益] 中華學生專案違約金,"
"[問題] 有人拿三星手機常被吐嗎,"
"[心得] 2012年知名手機夜拍PK終章(三)旗津+黑林,"
"Re: [情報] HTC One 缺貨的背後 ,"
"[閒聊] 台灣大哥大強迫推銷,"
"[情報] Sony Xperia Z開發團隊專訪文翻譯,"
"[閒聊] 試著做一下九熊圖,"
"Re: [問題] 平板的選擇：iPad mini & Nexus 7,"
"Re: [心得] HTC 新一 new one 電視遙控器,"
"Re: [心得] new ONE 使用心得,"
"Re: [心得] new ONE 使用心得,"
"[閒聊] 近期旗艦機音質及音量評測,"
"[心得] 來個New One開箱&心得,"
"[心得] New HTC ONE 等八支神機拍照亂鬥,"
"Re: [心得] New HTC ONE 等八支神機拍照亂鬥,"
"[情報] 關於Xperia Z面板黑白遲延與解決方法,"
"[新聞] 手機上市討論夯　論壇竟出現黑暗行銷?,"
"[閒聊] HTC的行銷很落漆,"
"Re: [請益] SONY HTC 充電器共用?,"
"Re: [問題] 請問xperia z螢幕入塵能換嗎？,"
"[情報] 傳Sony首款One Sony系列夢幻機王7月問世,"
"Re: [情報] 傳Sony首款One Sony系列夢幻機王7月問世,"
"[心得] 京站Padfone Infinity試用心得,"
"Re: [問題] MTO MK319 鳳蝶機 仿蝴蝶機外型 MTK6589,"
"[心得] One Sony首款機皇Xperia Z雙週使用心得,"
"Re: [閒聊] HTC的行銷很落漆,"
"Re: [閒聊] HTC的行銷很落漆,"
"Re: [閒聊] HTC的行銷很落漆,"
"[閒聊] HTC的維修""費"","
"[心得] Xperia T 購機使用心得,"
"Re: [情報] HTC New One 北美地區預購開始,"
"Re: [問題] 澳洲行動電源請益(note2),"
"Re: [問題] SONY手機的保固註冊？,"
"[心得] hTC Butterfly 簡單心得,"
"[心得] NEW HTC ONE 使用心得,"
"[閒聊] LG Optimus G入手!!,"
"Re: [情報] HTC將要滅亡的十個理由,"
"Re: [請益] 想買Sony xperia  TX疑慮...(已爬文),"
"Re: [討論] 日本Xperia Z，改善睡死災情...,"
"Re: [心得] NEW HTC ONE 入手心得..,"
"[心得] Xperia Z省電之可停用與移除之程式,"
"[心得] HTC蝴蝶機使用心得Part2 ,"
"Re: [心得] 睡不著測色溫與亮度,"
"Re: [閒聊] S4 可能還是賣得比S3好(台灣部份),"
"[心得] Galaxy S4試用心得,"
"[心得] Xperia SP簡易測試心得,"
"[情報] 黑莓 blackberry Z10 開箱評測,"
"Re: [心得] Xperia SP簡易測試心得,"
"Re: [心得] Galaxy S4試用心得,"
"[閒聊] 媽~我的new one手機不小心把冷氣打開了!,"
"[心得] Xperia TX 4.1.2後相機實拍/拍照/照相,"
"[心得] SONY Xperia Z簡短把玩心得,"
"[心得] 有點熱騰騰的Note 8.0不專業開箱～,"
"Fw: [WP8 ] ルミア720低清有碼開箱 ,"
"Re: [情報] S4 16G容量約只有8G可自由使用,"
"[心得] Padfone Infinity,"
"[心得] NEW HTC ONE 使用一週 + Media Link HD,"
"[心得] blackberry z10 入手使用心得,"
"[閒聊] 很晚跟上的HTC one x螢幕災情，還是好用,"
"[心得] 一肚子氣的Sony Xperia Z,"
"Re: [情報] Sony XZ升級版搭配2000萬畫素相機 七月推出？,"
"[情報] Xperia Z的JDI螢幕是VA面板,"
"[心得] S4與各家手機拍照PK  補上之前new one 等,"
"[討論] HTC語音助手小hi被對岸提取出來了,"
"[心得] New One VS S4 拍照無圖心得與比較,"
"[心得] HTC One一周使用心得,"
"[心得] HTC維修中心真的好慢...,"
"[心得] LG optimus G ,"
"Re: [問題] 中華NP至小七7MOBILE，從小七NP回中華失敗,"
"[心得] 小米2S體驗心得,"
"[請益] S4和蝴蝶機差異,"
"[心得] ASUS PFI入手兩週心得,"
"[討論] 各家機皇夜拍盲測結果雜感,"
"[心得] HTC NEW ONE vs i5 入手使用心得,"
"[討論] ASUS padfone 2 pf2 消費爭議調解,"
"[閒聊] 中華的New One還是很少...,"
"Re: [心得] Note8.0使用心得,"
"Re: [情報] Docomo 2013 Summer Collection,"
"[心得] 關於HTC提供的備用機服務小感想,"
"[情報] Xperia Z開發團隊專訪文翻譯Part 2,"
"[請益] 實機比到爛之 new one  ZL  大PK,"
"[閒聊] Tablet Z 32G wifi白 開箱,"
"[心得] Xperia ZL開箱 & 使用心得分享,"
"[心得] N4維修小小心得,"
"[心得] Sony Xperia ZL 入手七天感想,"
"Re: [討論] 大家ZL的使用心得？？,"
"Re: [情報] 2013/6/3中華學生專案完整版,"
"Re: [問題] 請問 htc one 的拍照有設定錯誤嗎?,"
"[心得] LG Optimus G 近一個月心得,"
"Re: [情報] 台版Xperia Z開始更新10.1.1.A.1.307,"
"[心得] 雙卡機nokia X1-01, nokia 112, nokia 206,"
"[心得] LG Optimus GJ 不專業開箱,"
"[心得] SONY Tablet Z 使用兩週簡易心得,"
"Re: [心得] 台灣帶來的手機，在美國能不能用 Q&A,"
"Re: [心得] 我發誓...,"
"[情報] 中華 199 291 333大省 591 1343 方案整理,"
"[心得] Butterfly S 灰色開箱,"
"Re: [問題] 各家手機大廠主打的特性？,"
"[問題] 甚麼人需要買高階手機??,"
"[心得] 蝴蝶機S開箱（上）-外觀篇,"
"[心得] HTC Butterfly S 兩天心得,"
"[閒聊] 小鋼砲手機,"
"Re: [心得] HTC Butterfly S 兩天心得(補耳機部分,"
"[閒聊] HTC送修微心得,"
"[心得] 中華333大省及全民共省,"
"[心得] LG optimus G pro簡單心得,"
"[心得] New One 使用一週心得,"
"[心得] Fujitsu ARROWS NX F-06E 一週感想,"
"[心得] 蝴蝶機S開箱（中）-Sense5+BlinkFeed篇,"
"[心得] 新入手ASUS Fonepad 32GB玫瑰金升級版+,"
"Re: [問題] 為什麼行動裝置在2.4Ghz下比較慢？,"
"[心得] 蝴蝶機S開箱（下）-效能，電力，及操作篇,"
"[心得] 蝴蝶更新4.2.2+sense5心得(效能篇),"
"[心得] 蝴蝶更新4.2.2+sense5心得(使用感篇),"
"[心得] S4 綠島與台東遊記 已附蝴蝶S遊記照片連結,"
"[心得] 緬懷一下Note2&BFS小心得,"
"[心得] 蝴蝶機更新項目小分享+攝影照,"
"[閒聊] Asus MemoPAD HD7 . Nexus 7 遊戲耗電,"
"[心得] 連續入手 XT 及 ZL 的心得 (含 G1 心得),"
"Re: [心得] LG optimus G pro簡單心得 (相機+其它),"
"Re: [心得] 睡不著測色溫與亮度,"
"[閒聊] 關於 AMOLED 色溫色域的一些討論,"
"Re: [問題] S4真的有那麼差嗎?,"
"[情報] MTK向高端開戰，8核和後面的規劃,"
"Re: [問題] Sony Xperia ZL或是LG Opyimus G,"
"[心得] 雙卡機挑選(GPLUS E3入手心得),"
"[心得] GSmart M1v2 簡易心得,"
"[心得] NOKIA Lumia 520,"
"[心得] 4.3體驗心得,"
"[心得] XPERIA Z Ultra 試用後感想,"
"[心得] sharp 837 使用心得,"
"[心得] 開箱GSmart Maya M1v2 再窮也要智慧一下,"
"Re: [心得] LG optimus G pro 之 你可能在意的點,"
"[討論] 匯集各大版蝴蝶機更新災情...,"
"[心得] 小米高cp值?購買前停看聽-以個人經驗為例,"
"Re: [閒聊] 全民共省綁約中想維持網內免費...,"
"Re: [心得] 睡不著測色溫與亮度,"
"[心得] Samsung S4 Zoom,"
"[心得] Nokia Lumia520一些使用心得,"
"[情報] Two Top中的實質One Top：Xperia A分析文,"
"[心得] NOKIA LUMIA 520 入手心得,"
"[情報] 再論Two Top：為何Two Top銷售量差那麼多,"
"Re: [問題] 蝴蝶機也有紫光問題嗎,"
"[心得]HTC、小米、Acer手機維修分享-人品爆發,"
"[心得] Xperia Z Ultra 入手數天心得,"
"[問題] 近半年的高階手機推薦,"
"[情報] PTT的電池討論專版開設了！,"
"[討論] 保固!保固?例如手機尚未註冊，保固一年X,"
"[問題] 請幫忙推薦七千元以下的粉紅色智慧型手機,"
"[心得] Sony手機常見問題集與解決方法,"
"[心得] Note2使用心得,"
"[情報] 示好無效？HTC驚傳內鬼差點倒　背後主謀,"
"Fw: [翻譯] 平井社長：『以One Sony來創造明星商品』,"
"Fw: [翻譯] Xperia Z1的秘密與未來的「智慧」戰略,"
"[心得] 現代T7平板，買到機王還被客服說可笑....,"
"Re: [心得] 現代T7平板，買到機王還被客服說可笑....,"
"Re: [討論] 三雄可用，雙卡雙待智慧型手機,"
"Re: [閒聊] 9/16大省333/533對照學生專案手機價格,"
"Re: [閒聊] 爽爽爽的工讀生又出包了,"
"[閒聊] XPERIA Z1排隊LIVE，請用置底文。,"
"Re: [情報] New one 4.3升級來了,"
"Re: [情報] New one 4.3升級來了,"
"[心得] Note3急開箱與黑白外表簡易比較,"
"[心得] Note3簡易開箱,"
"[心得] LG G2 使用心得,"
"[心得]  LG G2 使用心得,"
"[心得] 爬山不要完全相信手機地圖GPS,"
"Re: [情報] Z1 mini 正名為 Z1 f DOCOMO秋冬新機?,"
"[閒聊] 是墮落還是成長，來聊聊Sense的改變吧,"
"[心得] NOTE 3 的一些小感想,"
"Fw: [心得] iPhone 5s 心得與小雜感,"
"[心得] lg g2使用一週小缺點分享,"
"[心得] LG G2的使用第一天感想 關於Knock On,"
"[心得] Gsmart Sierra S1 開箱,"
"[心得] LG G2的使用第二天感想 關於拍照對焦,"
"[心得] nubia z5 mini(補上拍照),"
"[心得] LG G2 五天使用心得,"
"Re: [問題] 如果手機有瑕疵(談新品不良七日內換新),"
"Re: [閒聊] Nokia做安卓就會買？,"
因為某種原因要先刪文章
"[心得] 大阪心齋橋三家電信商門市體驗,"
"[心得] htc mini+心得,"
"Re: [閒聊] 10/16大省333/533對照學生專案手機價格,"
"[情報] iOS7又沒電？7個你不能不知道的省電妙招,"
"Re: [閒聊]為何今年許多新聞媒體一致看衰iphone? ,"
"[心得] 中華NP再NP心得──第一階段,"
"Re: [心得] 中華NP再NP心得──第一階段,"
"[心得] Lumia 1020的開箱及第一天心得,"
"Re: [新聞] 智慧機滿意度、蘋果十連霸,"
"[新聞] 消費者抱怨S4電池多 德國三星:免費更換,"
"[心得] Lumia 1020趴趴走的第二天心得 關於相機,"
"[心得] Lumia 1020 第三天 登高爬頂的體驗心得,"
"[心得] InFocus IN610使用心得,"
"Re: [新聞] apple在美國9月銷售市佔翻倍,"
"[討論] 手機效能和選購手機建議 (全篇),"
"[問題] 大省方案費率問題 (網路吃到飽費用),"
"[新聞] 因應網路打手、粉絲團抹黑 王雪紅:,"
"[心得] Alcatel OneTouch Idol X 6040D 試用心得,"
"Re: [討論] 筆的實用度,"
"[心得] HTC One Max 試玩體驗心得,"
"[心得] iPhone 5s 日月潭拍照分享,"
"Re: [問題] 手機漏電,"
"Re: [問題] 請問哪一家的手機上BBS的功能較好,"
"[心得]玩了幾分鐘ZL的感想,"
"[問題] NOTE 3 請教!,"
"Re: [問題] 蝴蝶S相機...,"
"Re: [問題] Onex+ 螢幕閃爍,"
"[討論] 版上熱門機種的一些缺點,"
"[心得] Note3 入手幾天小感~,"
"Fw: [情報] 各間電信搭iPhone的4G LTE,"
"[情報] Android 支援4G LTE狀況,"
"[閒聊] 4G得標業者與既有業者頻率對照表,"
"Re: [問題] 請教蝴蝶機耗電問題,"
"Re: [新聞]蘋果賺很大 超過對手總合 ,"
"[心得] 阿爾卡特 idol x 6040d,"
"[閒聊] WP9不兼容WP8的應用???,"
"[問題] I PHONE 5S 白色空機價 幫我看這樣合理嗎,"
"[新聞] 真那麼慘？iPhone 5C銷量如死水 傳富士康,"
"[心得] KitKat食記,"
"[新聞] Gamebench提出「無法作弊」的手機評測方法,"
"[新聞] 沒用 iPad 的後果!? 學校負責買書費,"
"Re: [問題] 有使用BenQ A3的版友嗎？,"
"[心得] Alcatel OneTouch Idol X 6040D,"
"[問題] fonepad7 無法充電,"
"Re: [閒聊] 友站看到的New One 新舊鏡頭對比照片(BFS送修心得),"
"Fw: [情報] WP在歐盟的市場份額正式超過10% ,"
"Re: [討論] 三雄可用，雙卡雙待智慧型手機 (新增亞太雙卡機),"
"[問題] Buffalo 4A USB充電器的充電速度...,"
"[心得] IN610不太簡短使用心得,"
"Re: [問題] 版上有人使用slimport轉接大螢幕過嗎?,"
"[心得] HTC Desire 700 使用心得,"
"[心得] iPad Air入手兩個禮拜心得,"
"[心得] Galaxy J 入手3日簡短心得,"
"[心得] fonepad7—華碩品質 __ __ __ __ ,"
"[問題] 一般手機的防潮能力?,"
"[心得] 開箱 Adonit與Dagi觸控筆,"
"[討論] Google帳號被盜,"
"[閒聊] 今天中午的小米行動電源&活塞耳機2,"
"Re: [問題] 該買ipad還是安卓平板?,"
"[心得] htc維修手機真的很爛,"
"[閒聊] 紅米,"
"[新聞] 台灣預購2萬支紅米機　1分鐘秒殺售罄,"
"[討論] 第一批紅米剛搶購時，黃牛價賣到多少?,"
"[問題] 大家的紅米收到了嗎？,"
"[討論] 紅米機出貨到貨討論置底文,"
"Re: [問題] 剛剛父母自己去通信行買了26牌手機....,"
"[討論] 寫給長輩的HTC操作手冊,"
"Re: [討論] 寫給長輩的HTC操作手冊 passionyeh請進^^,"
"Re: [討論] 寫給長輩的HTC操作手冊,"
"Re: [討論] 寫給長輩的HTC操作手冊 fxckhtc請進,"
"Re: [討論] 寫給長輩的HTC操作手冊 fxckhtc請進,"
"[心得] 拼音輸入法使用經驗及推薦,"
"Re: [心得] 剛收到紅米的心得,"
--經檢舉引戰，原PO編輯加上型號後解除鎖文--
"[心得] Sony QX100簡單心得分享,"
"[心得] 台哥大微量上網299詳解,"
"Re: [心得] BenQ F3真是爛透了!,"
"[心得] iPhone 5 & iPhone 5s 的比較&心得,"
"[心得] Nexus7 2013 二代小心得,"
"[問題] 想問>_<,"
"[問題] 中華大省 規格CP值 如何選?,"
"Re: [問題] New One 拍照紅中?,"
"[問題] 第一次搶的問題,"
"[心得] 今日開賣前開箱一下, 小米行動電源,"
"Re: [討論] HTC new one送修紫光卻被要求換殼費用,"
"Re: [討論] 小米當初到底怎麼紅起來的?,"
"[心得] ASUS Padfone mini 4.3 簡單開箱,"
"Re: [心得] Htc, 小米的情勢和服貿的關係,"
"Re: [心得] Htc, 小米的情勢和服貿的關係,"
"Re: [心得] Htc, 小米的情勢和服貿的關係,"
"[心得] G pro2 微，開箱。,"
"Re: [心得] Htc, 小米的情勢和服貿的關係,"
"[閒聊] 如果HTC拿掉SENSE跟保固..,"
"Re: [閒聊] 台灣大網路變差了,"
"[心得] Galaxy S5試玩體驗心得,"
"[心得] M320實機試用心得,"
"[問題] 大家上網傳輸流量最多一個月幾G呢,"
"[心得] essential tpe Koffer Powerpack簡介測試,"
"[心得] 小米MDY-02-AD鋰聚合版行動電源簡介測試,"
"[心得] HTC One M8 使用5天心得,"
"[問題] m8 18000該衝嗎?,"
"[問題] 小米官網進不去？,"
"[閒聊] 還是退訂了Zenfone 5和6,"
"[心得] 台灣三洋SANYO SYPP-02行動電源簡介測試,"
"[閒聊] 銀白色hTC One M8開箱,"
"[心得] DEBOCH T12000磷酸鋰鐵行動電源簡介測試,"
"[新聞] Zenfone惹眾怒　華碩：兩岸同規同價,"
"Re: [新聞] ZENFONE兩岸同規同價「價格補充」（更新）,"
"Re: [新聞] 華碩：兩岸同規同價{價格補充},"
Zenfone新的補償方案出爐
Re: Zenfone新的補償方案出爐
Re: Zenfone新的補償方案出爐
"[討論] ZenFone 討論相關置底文,"
"Re: [心得] 台灣三洋SANYO SYPP-02行動電源補充說明,"
"[心得] ONPRO MB-SS520L 行動電源簡介及測試,"
"[心得] HARMONIE 10200快充行動電源簡介及測試,"
"[問題] 手機跟電腦ram有何不同?,"
"[心得] 開箱 HTC One max 冰川銀,"
"Re: [問題] zenfone支援頻段,"
"[心得] 再出擊！小米5200mAh行動電源簡介及測試,"
"[心得]七電QD185SX標準版五節電池行動電源盒簡測,"
"[情報] LG G2 更新 D80220b(OTA還沒),"
"[情報] 王雪紅：三星下黑手　打亂宏達電出貨節奏,"
"[心得] BSMI認證AMACROX PB7800/PB10400簡介測試,"
"[心得]聯想的逆襲?小新行動電源簡介及測試,"
"Re: [心得] Zenfone5 拍照,"
"Re: [心得] Zenfone5 拍照,"
"[心得]真有那麼大?電力至尊S6 33000行動電源簡測,"
"Re: [心得] Zenfone5 拍照,"
"Re: [心得] Zenfone5 拍照,"
"[情報] 小米，為抄襲而生的品牌？,"
"[閒聊] Note3 2個月使用上的小心得,"
"[心得] M210使用兩天退貨心得,"
"[新聞] 傳澳洲部分使用者的蘋果裝置被駭鎖機勒索,"
"Re: [新聞] 中華電4G開台 (官方文件好讀版),"
"[問題] 說服老爸買Note 3,"
"[心得]漢美光電降壓式高效率行動電源簡介及測試,"
"[心得] 假小米行動電源網拍出沒 評價100%≠正品,"
"Re: [問題] sony zl評價如何,"
"Re: [心得] 假小米行動電源網拍出沒 評價100%≠正品,"
"[問題] 全台816缺貨 ? ,"
"Re: [心得] 台哥提前續約小陷阱,"
"[新聞] 5.5吋iPhone 6提前賣 想逼死誰,"
"[心得] 充電電流&變壓器測試(SP & 816),"
"[心得] 電信三雄4G網速測試,"
"Re: [心得] 中華大省單門號轉全能平板會有問題,"
"[討論] 4G LTE 草創期 Q&A,"
"[情報] 中華電信可NP至4G之原3G方案清單,"
"Re: [心得] Re: [心得] 升級4G還送550M！？,"
"Re: [新聞] 國產機泛紫光！維修多替代機得等兩周惹怨,"
"[心得] 4G 分享器 ZTE MF910,"
"[心得] 中華提前購機方案升4G我的有解了,"
"[討論] 中華 升級4G 常見問題與板友經驗,"
"[心得] 幾款大輸出USB Adapter測試,"
"[心得] 千萬別買台灣大的M8,"
"[討論] 中華3G購機方案搭配mPro無法升級4G,"
"[心得] 中華680-提督機開箱(vivotab note 8),"
"[問題] 想請板友推薦萬元內非韓、陸品牌手機,"
zenphone5蕭敬騰單曲鈴聲還原設定後不見
"[討論] 4G 訊號 回報 速度文,"
"[心得] 中華 NP 7-11 NP 中華,"
"[心得] 680全能平板月付592元心得 (離島版),"
"[閒聊] 今天到種花差點冰抖,"
"[心得] 4G LTE 700頻段 台灣大VS遠傳 捉對廝殺,"
"[心得] 全能680真的很誇張爛,"
"[問題] HTC的內建微博不能關嗎?,"
"[心得] G3簡單開箱文&心得(32G白),"
"Re: [閒聊] 來不及辦大省方案了,"
"[閒聊] 此板應開放噓文,"
"Re: [閒聊] 此板應開放噓文,"
"Re: [閒聊] 此板應開放噓文,"
"Re: [閒聊] 此板應開放噓文,"
"Re: [閒聊] 此板應開放噓文,"
"Re: [閒聊] 此板應開放噓文,"
"Re: [問題]  SONY Z1 進水,"
"[心得] LG G3 32G 金色開箱 ,"
"[心得] InFocus M510/M511 音樂隨行包開箱,"
"Re: [情報] LG G2 16G 剩餘可用空間10.6G ??,"
"[心得] OPPO Find7a拍照大PK與小感想,"
"[參選] Honorguard06,"
"[心得] M8使用3個月 + 4G使用心得,"
"[心得]Lenovo Yoga Tablet 10 B8000使用心得 ,"
"Re: [轉錄] Nokia XL 實測 (比價王,"
"[問題] 低月租存在的意義?,"
"Re: [問題] 手機掉了,警察只給我報遺失不給我報侵佔,"
"[心得] G3無線充電座開箱&心得,"
"[討論] iPhone5可升級中華LTE，其他手機可以嗎??,"
"[MobileComm] 看板 選情報導,"
"[閒聊] 102年平板$680吃到飽 ""3766"" 升級成功,"
"[心得] M8 Dot View 更新後心得,"
"[問題] 行動數據分享給wifi流量是相通的嗎?,"
"Fw: [教學] 打直錄影的影片，在電腦播放方法之一,"
"[心得] M511灰色開箱及簡易心得,"
"[心得] 已升4G，但想要重新用全能平板升級的流程,"
"Re: [情報] 紅米 Note 暗地傳送資料至中國 ,"
"Re: [情報] 紅米 Note 暗地傳送資料至中國 ,"
"[心得] 超瞎的紅米Note品質，喇叭音量解決法,"
"Re: [心得]G3 32g微微心得,"
"[閒聊] 萬元以下五吋拍照好續航強的4G手機,"
"[心得]線也是關鍵，數款Micro USB線材壓降測試,"
"[分享] 失而復得!!! 我的26小時手機尋回記,"
"[心得] 幾款USB電壓電流測試器準確性測試,"
"Re: [問題] M210使用不到一個月送修判定受潮...,"
"[心得] 台南手機消費小心得,"
"Re: [問題] 看影片平板是否還是Android比較好？,"
"Re: [問題] 看影片平板是否還是Android比較好？,"
"Re: [心得] 一張玻璃保護貼的真相,"
"Re: [心得] 一張玻璃保護貼的真相,"
"[心得] 收全新5S遇到特別經驗  已報案,"
"Re: [心得] 收全新5S遇到特別經驗  以報案,"
"Re: [轉錄] Zealer LG G3測評,"
"Re: [情報] 調查顯示小米手機近 1/4 為銀髮用戶,"
"Re: [新聞] 小米會是三星的勁敵，原因是小米更為無恥,"
"[問題] 小米抄襲了APPLE什麼?,"
"Re: [新聞] 蘋果會露餡 陸官媒籲公職禁用,"
"[心得] 認識你的行動電源(圖片版),"
"[心得] Galaxy S5 簡單心得,"
"Re: [心得] Galaxy S5 簡單心得,"
"[心得] E8 開箱心得分享,"
"[心得]目前我拍過最美的手機照,"
"[心得] E8入手幾天小心得,"
"[閒聊] 用iPhone 5s紀錄日本行！一些照片分享,"
"[問題] 上大學換手機,"
"[心得] 台灣之星 4G LTE 測速 (嘉義市),"
"[心得] InFocus M810體驗心得(拍照部分),"
"[心得] 像鬼一般的通訊行,"
"[心得] 皇家送修NPFI心得,"
"Re: [討論] G3更新V10h,"
"[心得] 皇家送修NPFI心得_很糟糕的經驗,"
"[心得] Oneplus one一加國際版64G數天雜感,"
"[MobileComm] 看板 選情報導,"
"[討論] 嘉義市中華4G開台了！！！！,"
"[問題] PadFone S使用兩週遇到的問題&心得,"
"[心得] M8 Find7a 1020 920 M模式PK(附RX100M3),"
"[心得] 以G Pro2 為例  LG行銷策略大有瑕疵,"
"[新聞] 內建霸王軟體 逾九成用戶不滿 ,"
"[心得] 台灣之星測試心得,"
"[閒聊] 祖國太神拉,"
"[討論] 4G訊號、速度回報文,"
"[閒聊] iPhone6 發表會轉播『討論區』,"
"Re: [討論] Android裡最穩定順暢的手機是??,"
"Re: [閒聊] 三星開酸了,"
"[心得] 帶著智慧型手機徒步環島37天的經驗分享,"
"[心得] Nexus 5 vs. Oneplus One 心得,"
"[心得] 華為Mediapad X1 開箱動手玩,"
"Re: [心得] Acer Liquid X1個人弱心得,"
"[問題] 台灣之星4g封ptt,"
"Re: [問題] 台灣之星4g封ptt,"
"Re: [問題] 台灣之星4g封ptt,"
"Re: [問題] 台灣之星4g封ptt,"
"[討論] 1萬2以內手機,"
"Re: [心得] 蝴蝶2的 近一週心得,"
"[心得] iPhone6初步心得,"
"[心得] Z3快速心得,"
"Fw: [情報] 各網購通路購物金訊息 ,"
"[心得] anidees五輸出25W Adapter簡介及測試,"
"[情報] HTC，賺錢了,"
"[心得] 帶自動辨識的anidees 6USB 50W電源簡測,"
"[閒聊] 三星新旗艦-Note4體驗有感,"
"[心得] 重新發文4G取代光纖/ADSL當固網的可行性,"
"[問題] HTC M8上方圖示,"
"[情報] 《科技》4G吃到飽倒數，台灣之星加碼再,"
"[心得] 星巴克REFRESHERS冰搖沁爽行動電源簡測,"
"Fw: [問卦] 有沒有HTC輸入國旗圖案的八掛,"
"Re: [問卦] 有沒有HTC輸入國旗圖案的八掛,"
"Re: [心得] 誠心反推Acer X1，除非它降價到5000,"
"[心得] ASUS Zenfone5 X Acer E3,"
"[討論] HTC desire eye,"
"[問題] E8並沒有想像中的順,"
"[閒聊] 淺談小米個資問題,"
"Re: [閒聊] 淺談小米個資問題,"
"[心得] HTC 維修太瞎了....,"
"Re: [閒聊] 各種價位的手機/平板列表,"
"[心得] INFOCUS M320 開箱+使用心得,"
"Re: [新聞] IDC：台灣手機市場Q3大洗牌 Zenfone5第一,"
"Re: [問題] 請問業者頻段分佈？,"
"[閒聊] 今天有小米行動電源(10400)開賣,"
"Re: [討論] 電力稍大的android平版,"
"[問題] 請問只有HTC有內建手電筒嗎?,"
"[心得] HTC RE 機車試用~,"
"[道歉] 致 Rain(Rain),"
"[閒聊] 台哥大3G速度捷運藍線有感提升,"
"[心得] NEXUS 6 簡易開箱!,"
"[心得] 中年大叔的小玩具 - ASUS Padfone mini,"
"[心得] 迷你高畫質相機-Padfone mini (貓多慎入),"
"Re: [問題] Z3的4K錄影在電腦播速度減慢,"
"[心得] 松下Lumix CM1 不專業開箱與懶人實拍,"
"[心得] Acer Liquid Jade S 使用一週心得,"
"Re: [問題] Apple還有甚麼新梗??,"
"[問題] 柯文哲的手機,"
"[心得] 吃到飽方案總整理,"
"[情報] Sony Xperia Z3微薰紫1/27開賣 售價19900,"
"[問題] FB 現在手機app完全癱瘓,"
"[心得] 解約不一定會虧錢 選對時間還能省錢!!,"
"Re: [討論] 頻率和傳輸量（每秒資料量）,"
"[心得] InFocus M810藍寶石特仕版開箱+心得,"
"[情報] 華碩行動電源 ZenPower大揭密 / 番外篇,"
"Fw: [軟體] Line備份程式 免Root,"
"Re: [問題] 照相功能佳的定義？,"
"[心得] 教學:維修 過年時鋼化玻璃模的處置與清潔,"
"[心得] 弧形螢幕貼玻璃保護貼去除不服貼 (白邊),"
"[情報] acer E2 Android 4.4 KK 刷機,"
"[心得] ASUS初心作ZenPower 9600mAh行動電源測試,"
"[心得] SONY CP-B20四輸出20000mAh行動電源測試,"
"[情報] 搶先曝光！5吋ASUS ZenFone 2動手玩 3/9,"
"[情報] LG 旗艦新機 G4 可能會於 4 月發表,"
"Re: [閒聊] 各種價位的手機/平板列表,"
"Re: [問題]新買三星a5狂當 該換機？,"
"Re: [閒聊] 各種價位的手機/平板列表,"
"[心得] 預付卡上網資費總整理,"
"[情報] 聯發科新處理器曝光：跑分亮了,"
"[問題] 為什麼HTC Butterfly 蝴蝶機 照相那麼爛?,"
"[討論] 結果SAMSUNG HTC新旗艦機都不能換電池,"
"[心得] 紫米ZMI PB810 10000mAh行動電源簡介測試,"
"Re: [問題] 4G 每5Mhz頻寬*7.5=理論值37.5mbps,"
"[心得] 國內電信歷史小整理 1G -> 4G + B.B.CALL,"
"[閒聊] 高通Quick Charge 2.0手機週邊配件,"
"[討論] 什麼樣的東西符合CAT.4? 以及Zenfone2與CA的愛恨情仇,"
"Re: [閒聊] 各種價位的手機/平板列表,"
"[心得] S6和M9體驗心得,"
"Re: [問題] Zenfone2 規格,"
"Re: [問題] 台灣大4g可否當固網用?,"
"[心得] 手機分享熱點 USB 2.0 3.0是不會有影響的,"
"Re: [心得] 手機分享熱點 USB 2.0 3.0是不會有影響的,"
"Re: [閒聊] 各種價位的手機/平板列表,"
"Re: [轉貼] 關於現在HTC的真相,希望大家暫緩一個月,"
"[心得] hTC One M9 金包銀開箱,"
"[心得] ZF2的相機最佳化選項建議關閉,"
"[閒聊]支援 QC2.0行動電源不專業開箱...,"
"[心得] hTC One M9數天心得,"
"[心得] 手機遺失遭侵占(破案了!!!),"
"Re: [心得] 手機遺失遭侵占(破案了!)IMEI無法找手機了,"
"[閒聊] 從高通處理器看近年手機變化,"
"Re: [心得] 手機遺失遭侵占(破案了!!!)[回覆問題],"
"Re: [閒聊] S6 官方預購正式出爐,"
"[心得] 手機掉了是要告竊盜 還是 侵占呢,"
"[心得] 我論 HTC ONE M9 五天使用心得,"
"Re: [心得] 手機遺失遭侵占(破案了!!!)[明天上報],"
"Re: [心得] 手機遺失遭侵占(破案了!!!)[報導之後],"
"Re: [閒聊] S6未上市 卻慘遭怒摔 ,"
"[新聞] Galaxy S6將預裝56個app，不允許刪除,"
"[心得] 台哥大超能省可以升4G啦~~,"
"[情報] 外媒專業打臉：M9靠作弊解決過熱問題！,"
"Re: [問題] 想換手機(M8.M9 or...Z3),"
"Re: [閒聊] 各種價位的手機/平板列表,"
"[閒聊] 送一下自己畫的菜兵online貼圖,"
"[問題]我的Zenfone2 551ML 2G/32G 出子龍任務了,"
"[情報] HTC良心福利：手機碎屏進水免費維修 !?,"
"Re: [心得] zenfone2名不虛傳!!,"
"[問題] 花兩萬多買M9的邏輯是？,"
"[討論] 遠傳店長對我真好之我不帥啊。,"
"Re: [討論] 現在為什麼都沒人在說手機不能換電池,"
"Re: [心得] M9送修回來無法更新,"
"Re: [閒聊] 各種價位的手機/平板列表,"
"[閒聊] 能理性點嗎？？,"
"[心得] 淺談手機的電源管理,"
"[討論] 神鬼微軟,"
"Re: [閒聊] 各種價位的手機/平板列表,"
"[心得] Zenfone 2 大阪一周遊使用心得（圖多,"
"Re: [問題] 臺灣大哥大門號自動保留 後續發展,"
"[心得] 松下CM1入手小小心得：值，還是不值？,"
"[心得] 教阿母用line成功,決定分享教學檔案～,"
"[閒聊] 相機raw的用途簡介,"
"[情報] 無法升級 ANDROID 5.0 是藉口，QUALCOMM 證實 SNAPDRAGON 80,"
"[心得] S6 使用雜感,"
"Re: [閒聊] 各種價位的手機/平板列表,"
"[閒聊] 告別G3&使用近一年的心得,"
"Re: [閒聊] 各種價位的手機/平板列表,"
"Re: [情報] Android 5.0變吃電怪獸：Google難辭其咎,"
"[情報] sony xperia m4 aqua 雙卡售價出爐,"
"[情報] 華碩皇家門市電話一覽,"
"[問題] 剛辦遠傳 收訊超差 7日內 退租的方式?,"
"[閒聊] HTC網路商店的端午賀卡很有梗,"
"[問題] 哪家電信局可以用信用卡繳費?,"
"[心得] S6使用超簡短心得,"
"Re: [情報] 中華4G每月多100多2GB+100話費,"
"[心得] 我的Z3………,"
"Re: [閒聊] 各種價位的手機/平板列表,"
"Re: [閒聊] 讓老人去直營真的要小心..,"
"Re: [閒聊] 各種價位的手機/平板列表(2015/07/04更新),"
"[新聞] Apple Store傳下半年在台開幕 迎接iPhone,"
"[心得] 悲哀！蘋果iPhone利潤狂虐Android手機,"
"Re: [心得] 悲哀！蘋果iPhone利潤狂虐Android手機,"
"Re: Re: [心得] 悲哀！蘋果iPhone利潤狂虐Androi,"
"Re: [心得] 悲哀！蘋果iPhone利潤狂虐Android手機,"
"Re: [心得] 悲哀！蘋果iPhone利潤狂虐Android手機,"
"Re: [心得] 悲哀！蘋果iPhone利潤狂虐Android手機,"
"Re: [心得] 悲哀！蘋果iPhone利潤狂虐Android手機,"
"Re: [心得] 悲哀！蘋果iPhone利潤狂虐Android手機,"
"Re: [心得] 悲哀！蘋果iPhone利潤狂虐Android手機,"
"Re: [心得] 悲哀！蘋果iPhone利潤狂虐Android手機,"
"[心得] 淺談安卓及IOS備份心得,"
"Re: [心得] 悲哀！蘋果iPhone利潤狂虐Android手機,"
"[問題] 中華輕鬆省333帳單金額暴增!!,"
"Re: [問題] 中華輕鬆省333帳單金額暴增!!,"
"Re: [問題] 中華輕鬆省333帳單金額暴增!!,"
"[問題] 手機重置還是慢(含耐用手機推薦),"
"[閒聊] USB 鬆掉常見原因,"
"Re: [閒聊] 各種價位的手機/平板列表(2015/08/02更新),"
"[心得] 神腦不專業店員害我們續約虧大了~,"
"[心得] M9+使用一個月心得,"
"Re: [討論] htc在國外的知名度？,"
"Re: [討論] htc在國外的知名度？,"
"[情報] Apple 向媒體發送邀請函，將在9/9發表新,"
